Name,Address,Contact
SNS College of Technology - Best Engineering Colleges in Tamilnadu,"SNS Kalvi Nagar, Sathy Main Road, NH-209, Vazhiyampalayam, Saravanampatti, Coimbatore, Tamil Nadu 641048",075503 16701
SNS College of Engineering (Autonomous) - Top Rated Engineering Colleges in Tamilnadu,"SNS Kalvi Nagar, Sathy Main Road, Kurumbapalayam, PO, Coimbatore, Tamil Nadu 641107",075503 16708
HINDUSTHAN COLLEGE OF ENGINEERING AND TECHNOLOGY,"Pollachi Main Rd, Coimbatore, Malumichampatti, Tamil Nadu 641032",0422 424 2424
KPR Institute of Engineering and Technology,"Avinashi - Coimbatore Road, Arasur, Uthupalayam, Tamil Nadu 641407",0422 263 5600
"VSB College of Engineering & Technical Campus, Coimbatore","Ealur Pirivu, Pollachi Main Rd, Solavampalayam, Tamil Nadu 641032",082200 48212
Kumaraguru College of Technology,"Athipalayam Rd, Chinnavedampatti, Coimbatore, Tamil Nadu 641035",0422 266 1100
Sri Krishna College of Engineering and Technology - SKCET,"BK Pudur, Kuniyamuthur, Tamil Nadu 641008",0422 267 8001
Dr.N.G.P. Institute of Technology,"Dr.N.G.P. Nagar, Kalapatti Main Rd, Coimbatore, Tamil Nadu 641048",0422 236 9105
Tamilnadu College Of Engineering,"Palanisame Ravi Nagar, Karumathampatti, Tamil Nadu 641659",0421 233 2588
Sri Ramakrishna Engineering College,"Vattamalaipalayam N.G, G.O. Colony, Post, Coimbatore, Tamil Nadu 641022",075300 89996
SRI SHAKTHI INSTITUTE OF ENGINEERING AND TECHNOLOGY,"L & T By - Pass, Sri Shakthi Nagar, Post, Sri Shakthi University, Chinniyampalayam, Coimbatore, Tamil Nadu 641062",0422 236 9900
JCT College of Engineering and Technology,"JCT College of Engineering and Technology Pichanur, Coimbatore, Tamil Nadu 641105",093614 88801
Government College of Technology,"Thadagam Main Rd, Tamil Nadu Agricultural University, Coimbatore, Tamil Nadu 641013",0422 243 2221
Coimbatore Institute of Technology,"Avinashi Rd, Civil Aerodrome Post, Coimbatore, Tamil Nadu 641014",0422 257 4071
Rathinam Technical Campus,"Rathinam Techzone, Pollachi Rd, Eachanari, Coimbatore, Tamil Nadu 641021",084484 48909
KalaignarKarunanidhi Institute Of Technology,"Pappampatti Rd, Pallapalayam, Kannampalayam, Tamil Nadu 641402",0422 236 7890
Nehru Institute of Engineering and Technology,"Nehru Gardens, Nehru College Road, T.M Palayam, Coimbatore, Tamil Nadu 641105",0422 220 6148
PSG Institute of Technology and Applied Research (PSG iTech),"Salem, Highway, Avinashi Rd, Coimbatore, Neelambur, Tamil Nadu 641062",0422 393 3666
Coimbatore Institute of Engineering and Technology,"Vellimalai pattinam, Post Thondamuthur via, Narasipuram, Coimbatore, Tamil Nadu 641109",097900 38605
PSG College Of Technology,"Avinashi Rd, Peelamedu, Coimbatore, Tamil Nadu 641004",0422 257 2177
EASA College of Engineering and Technology,"NH - 47, Palakkad Main Rd, Navakkarai(P.O, Kandhe Gounden Chavadi, Tamil Nadu 641105",093644 45555
Park College Of Engineering And Technology,"35R8+V33, NH 47, Avinashi - Coimbatore Road, Park Engineering College Road, Kaniyur, Tamil Nadu 641659",0421 291 1100
"P. A. College of Engineering and Technology (Autonomous), Pollachi, Coimbatore","SH 19, Puliyampatti, Pollachi, Tamil Nadu 642002",2008
Study World Group of Institution,"1/2A-1 Alagu Nachiamman Kovil Road, Palathurai , Madukkarai, Coimbatore, Tamil Nadu 641032",099449 11933
Karpagam Institute of Technology,"S.F.No.247,248, Bodipalayam Post, Salem - Kochi Hwy, Seerapalayam, Tamil Nadu 641021",0422 645 4553
Agricultural Engineering College and Research Institute,"Lawley Rd, Tamil Nadu Agricultural University, Coimbatore, Tamil Nadu 641003",0422 661 1200
INFO Institute Of Engineering,"NH - 209, Sathyamangalam Road, Kovilpalayam, Sarkar Samakulam,, Coimbatore, Tamil Nadu 641107",0422 236 3700
Nehru Institute Of Technology,"VW98+G84, Palakkad - Coimbatore Rd, Jawahar Gardens, Kaliyapuram, Coimbatore, Tamil Nadu 641105",060017 43319
Karpagam College of Engineering,"Myleripalayam Village, Othakkal Mandapam, Tamil Nadu 641032",082203 33750
Rathinam College Of Arts And Science,"Pollachi Main Rd, Kpm Nagar, Eachanari, Coimbatore, Tamil Nadu 641021",084484 48909
Adithya Institute Of Technology,"427P+CHC, Sathy Rd, EB Colony, Kurumbapalayam SSKulam, Tamil Nadu 641107",097889 33311
Coimbatore Marine College,"296, Pollachi Main Road, Post, Myleripalayam, Ottakkalmandapam, Tamil Nadu 641032",0422 236 4999
RVS Technical Campus- Coimbatore,"RVS TECHNICAL CAMPUS, Trichy Rd",088831 89333
"Christ the King Engineering College, Coimbatore ( A Unit of DMI Foundation Trust , Chennai )","158/3, Cecilia Gardens Onnipalayam Road Mettupalayam to Airport Road Via Karamadai, Karamadai, Tamil Nadu 641104",094450 08362
Anna University RC Coimbatore,"2VRP+XCW, Maruthamalai Main Road, Navavoor, Coimbatore(Dt), Tamil Nadu 641046",0422 298 4002
Nehru Group of Institutions,"451-D, Palakkad - Coimbatore Rd",096003 33152
Sri Ramakrishna College of Arts & Science,"Fun Mall & Lakshmi Mills, Bus Stop, Avinashi Road, Between, Nava India Rd, Peelamedu, Tamil Nadu 641006",0422 256 2788
K G Engineering College,"450, Thudiyalur Rd, near Mosque",0422 266 6187
